{
  "CardDetails": [
    {
      "username": "Kamal Varma",
      "date": "12/32",
      "securitycode": "234",
      "cardnumber": "2343234543267865",
      "id": 1
    },
    {
      "username": "Vinod Shende",
      "date": "10/27",
      "securitycode": "321",
      "cardnumber": "9854638245421212",
      "id": 2
    },
    {
      "username": "Lokesh Malkani",
      "date": "02/25",
      "securitycode": "432",
      "cardnumber": "7564738263745366",
      "id": 3
    },
    {
      "username": "Albina Attar",
      "date": "01/52",
      "securitycode": "342",
      "cardnumber": "6476345274584734",
      "id": 4
    },
    {
      "username": "Pradyumna Shirude",
      "date": "05/23",
      "securitycode": "453",
      "cardnumber": "8764536476352421",
      "id": 5
    }
  ]
}